{"pipeline":["trimmer","stopWordFilter","stemmer"],"ref":"id","index":{"body":{"root":{"a":{"df":0,"r":{"df":0,"docs":{},"t":{"df":0,"docs":{},"i":{"df":0,"c":{"df":0,"docs":{},"l":{"df":3,"docs":{"_index_":{"tf":1},"first_article":{"tf":1},"second_article":{"tf":1}},"e":{"df":0,"docs":{},".":{"df":2,"docs":{"first_article":{"tf":1},"second_article":{"tf":1}}}}}},"docs":{}}}},"docs":{}},"q":{"df":0,"docs":{},"u":{"df":0,"docs":{},"e":{"df":0,"s":{"df":0,"docs":{},"t":{"df":0,"docs":{},"i":{"df":0,"docs":{},"o":{"df":0,"docs":{},"n":{"df":0,"s":{"df":0,"docs":{},".":{"df":1,"docs":{"faq":{"tf":1}}}},"docs":{}}}}}},"docs":{}}}},"df":0,"c":{"df":0,"docs":{},"o":{"df":0,"docs":{},"n":{"df":0,"docs":{},"t":{"df":0,"docs":{},"e":{"df":0,"docs":{},"n":{"df":0,"docs":{},"t":{"df":2,"docs":{"first_article":{"tf":1},"second_article":{"tf":1}}}}}}}}},"s":{"df":0,"docs":{},"e":{"df":0,"c":{"df":0,"docs":{},"o":{"df":0,"docs":{},"n":{"df":0,"docs":{},"d":{"df":2,"docs":{"first_article":{"tf":1},"second_article":{"tf":1}}}}}},"docs":{}}},"docs":{},"t":{"df":0,"docs":{},"u":{"df":0,"docs":{},"t":{"df":0,"docs":{},"o":{"df":0,"r":{"df":0,"docs":{},"i":{"a":{"df":0,"docs":{},"l":{"df":0,"docs":{},",":{"df":1,"docs":{"faq":{"tf":1}}}}},"df":1,"docs":{"_index_":{"tf":1}}}},"docs":{}}}}},"f":{"a":{"q":{"df":1,"docs":{"faq":{"tf":1}}},"df":0,"docs":{}},"df":0,"docs":{},"i":{"df":0,"r":{"df":0,"s":{"df":0,"docs":{},"t":{"df":3,"docs":{"_index_":{"tf":1},"first_article":{"tf":1},"second_article":{"tf":1}}}},"docs":{}},"docs":{}}},"w":{"df":0,"docs":{},"i":{"df":0,"docs":{},"t":{"df":0,"docs":{},"h":{"df":0,"docs":{},"o":{"df":0,"docs":{},"u":{"df":0,"docs":{},"t":{"df":1,"docs":{"faq":{"tf":1}}}}}}},"k":{"df":0,"docs":{},"i":{"df":0,"docs":{},".":{"df":1,"docs":{"_index_":{"tf":1}}}}}}},"i":{"df":0,"docs":{},"m":{"a":{"df":0,"docs":{},"g":{"df":0,"docs":{},"e":{"df":0,"docs":{},":":{"df":1,"docs":{"first_article":{"tf":1}}}}}},"df":0,"docs":{}},"n":{"df":0,"docs":{},"d":{"df":0,"docs":{},"e":{"df":0,"docs":{},"x":{"df":1,"docs":{"_index_":{"tf":1}}}}}}},"l":{"df":0,"docs":{},"i":{"df":0,"docs":{},"n":{"df":0,"docs":{},"k":{"df":3,"docs":{"_index_":{"tf":1},"first_article":{"tf":1},"second_article":{"tf":1}}}}}}}}},"fields":["body"],"version":"0.9.5","documentStore":{"docs":{},"save":false,"length":4,"docInfo":{"_index_":{"body":6},"first_article":{"body":7},"faq":{"body":4},"second_article":{"body":6}}}}